frame,frame_latency_ms,visible_gaussians,gaussian_instances,max_tile_load,average_tile_load
0,91.323,598667,26893344,9291,3622.49
1,65.059,598667,26893344,9291,3622.49
2,64.521,598667,26893344,9291,3622.49
3,63.05,598667,26893344,9291,3622.49
4,62.546,598667,26893344,9291,3622.49
5,61.18,598667,26893344,9291,3622.49
6,63.078,598667,26893344,9291,3622.49
7,60.527,598667,26893344,9291,3622.49
8,62.078,598667,26893344,9291,3622.49
9,60.678,598667,26893344,9291,3622.49
10,61.713,598667,26893344,9291,3622.49
11,59.929,598667,26893344,9291,3622.49
12,60.988,598667,26893344,9291,3622.49
13,60.981,598667,26893344,9291,3622.49
14,62.048,598667,26893344,9291,3622.49
15,59.924,598667,26893344,9291,3622.49
16,62.342,598667,26893344,9291,3622.49
17,62.244,598667,26893344,9291,3622.49
18,61.722,598667,26893344,9291,3622.49
19,63.15,598667,26893344,9291,3622.49
20,62.4,598667,26893344,9291,3622.49
21,61.868,598667,26893344,9291,3622.49
22,61.123,598667,26893344,9291,3622.49
23,61.663,598667,26893344,9291,3622.49
24,60.8,598667,26893344,9291,3622.49
25,61.672,598667,26893344,9291,3622.49
26,60.859,598667,26893344,9291,3622.49
27,61.378,598667,26893344,9291,3622.49
28,60.424,598667,26893344,9291,3622.49
29,62.581,598667,26893344,9291,3622.49
30,62.057,598667,26893344,9291,3622.49
31,61.684,598667,26893344,9291,3622.49
32,62.942,598667,26893344,9291,3622.49
33,61.568,598667,26893344,9291,3622.49
34,61.416,598667,26893344,9291,3622.49
35,61.486,598667,26893344,9291,3622.49
36,59.886,598667,26893344,9291,3622.49
37,60.948,598667,26893344,9291,3622.49
38,61.375,598667,26893344,9291,3622.49
39,61.305,598667,26893344,9291,3622.49
40,61.615,598667,26893344,9291,3622.49
41,61.955,598667,26893344,9291,3622.49
42,62.015,598667,26893344,9291,3622.49
43,62.392,598667,26893344,9291,3622.49
44,60.465,598667,26893344,9291,3622.49
45,62.542,598667,26893344,9291,3622.49
46,65.231,598667,26893344,9291,3622.49
47,63.447,598667,26893344,9291,3622.49
48,63.09,598667,26893344,9291,3622.49
49,63.905,598667,26893344,9291,3622.49
50,70.465,598667,26893344,9291,3622.49
51,68.827,598667,26893344,9291,3622.49
52,68.98,598667,26893344,9291,3622.49
53,68.948,598667,26893344,9291,3622.49
54,69.559,598667,26893344,9291,3622.49
55,61.905,598667,26893344,9291,3622.49
56,61.873,598667,26893344,9291,3622.49
57,61.423,598667,26893344,9291,3622.49
58,60.488,598667,26893344,9291,3622.49
59,61.074,598667,26893344,9291,3622.49
60,61.392,598667,26893344,9291,3622.49
61,62.201,598667,26893344,9291,3622.49
62,60.342,598667,26893344,9291,3622.49
63,59.828,598667,26893344,9291,3622.49
64,63.046,598667,26893344,9291,3622.49
65,65.736,598667,26893344,9291,3622.49
66,62.713,598667,26893344,9291,3622.49
67,63.208,598667,26893344,9291,3622.49
68,62.748,598667,26893344,9291,3622.49
69,64.435,598667,26893344,9291,3622.49
70,60.877,598667,26893344,9291,3622.49
71,60.828,598667,26893344,9291,3622.49
72,62.493,598667,26893344,9291,3622.49
73,61.059,598667,26893344,9291,3622.49
74,61.317,598667,26893344,9291,3622.49
75,60.06,598667,26893344,9291,3622.49
76,59.93,598667,26893344,9291,3622.49
77,61.963,598667,26893344,9291,3622.49
78,60.969,598667,26893344,9291,3622.49
79,59.779,598667,26893344,9291,3622.49
80,59.563,598667,26893344,9291,3622.49
81,60.218,598667,26893344,9291,3622.49
82,60.816,598667,26893344,9291,3622.49
83,60.22,598667,26893344,9291,3622.49
84,61.307,598667,26893344,9291,3622.49
85,59.665,598667,26893344,9291,3622.49
86,60.499,598667,26893344,9291,3622.49
87,61.243,598667,26893344,9291,3622.49
88,60.314,598667,26893344,9291,3622.49
89,61.014,598667,26893344,9291,3622.49
90,61.262,598667,26893344,9291,3622.49
91,59.492,598667,26893344,9291,3622.49
92,61.335,598667,26893344,9291,3622.49
93,60.461,598667,26893344,9291,3622.49
94,60.094,598667,26893344,9291,3622.49
95,60.908,598667,26893344,9291,3622.49
96,60.368,598667,26893344,9291,3622.49
97,62.092,598667,26893344,9291,3622.49
98,60.929,598667,26893344,9291,3622.49
99,60.636,598667,26893344,9291,3622.49
100,62.016,598667,26893344,9291,3622.49
101,62.819,598667,26893344,9291,3622.49
102,60.135,598667,26893344,9291,3622.49
103,59.458,598667,26893344,9291,3622.49
104,60.147,598667,26893344,9291,3622.49
105,59.781,598667,26893344,9291,3622.49
106,61.299,598667,26893344,9291,3622.49
107,59.909,598667,26893344,9291,3622.49
108,59.634,598667,26893344,9291,3622.49
109,60.322,598667,26893344,9291,3622.49
110,60.127,598667,26893344,9291,3622.49
111,61.049,598667,26893344,9291,3622.49
112,60.157,598667,26893344,9291,3622.49
113,59.26,598667,26893344,9291,3622.49
114,60.912,598667,26893344,9291,3622.49
115,60.1,598667,26893344,9291,3622.49
116,60.903,598667,26893344,9291,3622.49
117,61.599,598667,26893344,9291,3622.49
118,63.003,598667,26893344,9291,3622.49
119,60.703,598667,26893344,9291,3622.49
120,62.226,598667,26893344,9291,3622.49
121,62.001,598667,26893344,9291,3622.49
122,61.067,598667,26893344,9291,3622.49
123,61.844,598667,26893344,9291,3622.49
124,62.656,598667,26893344,9291,3622.49
125,60.828,598667,26893344,9291,3622.49
126,61.68,598667,26893344,9291,3622.49
127,61.085,598667,26893344,9291,3622.49
128,61.823,598667,26893344,9291,3622.49
129,60.944,598667,26893344,9291,3622.49
130,59.907,598667,26893344,9291,3622.49
131,60.617,598667,26893344,9291,3622.49
132,61.943,598667,26893344,9291,3622.49
133,61.716,598667,26893344,9291,3622.49
134,62.05,598667,26893344,9291,3622.49
135,60.697,598667,26893344,9291,3622.49
136,63.703,598667,26893344,9291,3622.49
137,60.535,598667,26893344,9291,3622.49
138,60.322,598667,26893344,9291,3622.49
139,61.107,598667,26893344,9291,3622.49
140,60.238,598667,26893344,9291,3622.49
141,61.159,598667,26893344,9291,3622.49
142,59.834,598667,26893344,9291,3622.49
143,61.511,598667,26893344,9291,3622.49
144,60.572,598667,26893344,9291,3622.49
145,62.094,598667,26893344,9291,3622.49
146,60.464,598667,26893344,9291,3622.49
147,60.908,598667,26893344,9291,3622.49
148,61.593,598667,26893344,9291,3622.49
149,61.028,598667,26893344,9291,3622.49
150,61.881,598667,26893344,9291,3622.49
151,60.541,598667,26893344,9291,3622.49
152,61.601,598667,26893344,9291,3622.49
153,61.312,598667,26893344,9291,3622.49
154,61.585,598667,26893344,9291,3622.49
155,62.145,598667,26893344,9291,3622.49
156,60.203,598667,26893344,9291,3622.49
157,62.141,598667,26893344,9291,3622.49
158,60.269,598667,26893344,9291,3622.49
159,61.504,598667,26893344,9291,3622.49
160,60.991,598667,26893344,9291,3622.49
161,61.059,598667,26893344,9291,3622.49
162,60.756,598667,26893344,9291,3622.49
163,62.166,598667,26893344,9291,3622.49
164,60.93,598667,26893344,9291,3622.49
165,62.745,598667,26893344,9291,3622.49
166,61.41,598667,26893344,9291,3622.49
167,61.015,598667,26893344,9291,3622.49
168,63.827,598667,26893344,9291,3622.49
169,60.91,598667,26893344,9291,3622.49
170,62.456,598667,26893344,9291,3622.49
171,61.235,598667,26893344,9291,3622.49
172,61.846,598667,26893344,9291,3622.49
173,60.818,598667,26893344,9291,3622.49
174,59.757,598667,26893344,9291,3622.49
175,61.3,598667,26893344,9291,3622.49
176,60.751,598667,26893344,9291,3622.49
177,61.088,598667,26893344,9291,3622.49
178,61.443,598667,26893344,9291,3622.49
179,61.98,598667,26893344,9291,3622.49
180,60.553,598667,26893344,9291,3622.49
181,62.588,598667,26893344,9291,3622.49
182,61.76,598667,26893344,9291,3622.49
183,62.298,598667,26893344,9291,3622.49
184,61.094,598667,26893344,9291,3622.49
185,60.772,598667,26893344,9291,3622.49
186,61.221,598667,26893344,9291,3622.49
187,61.465,598667,26893344,9291,3622.49
188,60.526,598667,26893344,9291,3622.49
189,61.677,598667,26893344,9291,3622.49
190,60.712,598667,26893344,9291,3622.49
191,60.473,598667,26893344,9291,3622.49
192,61.31,598667,26893344,9291,3622.49
193,60.877,598667,26893344,9291,3622.49
194,61.786,598667,26893344,9291,3622.49
195,60.478,598667,26893344,9291,3622.49
196,61.394,598667,26893344,9291,3622.49
197,59.415,598667,26893344,9291,3622.49
198,62.136,598667,26893344,9291,3622.49
199,63.236,598667,26893344,9291,3622.49
200,60.942,598667,26893344,9291,3622.49
201,61.821,598667,26893344,9291,3622.49
202,61.222,598667,26893344,9291,3622.49
203,61.941,598667,26893344,9291,3622.49
204,61.678,598667,26893344,9291,3622.49
205,61.89,598667,26893344,9291,3622.49
206,60.553,598667,26893344,9291,3622.49
207,60.511,598667,26893344,9291,3622.49
208,61.025,598667,26893344,9291,3622.49
209,62.478,598667,26893344,9291,3622.49
210,61.63,598667,26893344,9291,3622.49
211,62.612,598667,26893344,9291,3622.49
212,62.733,598667,26893344,9291,3622.49
213,61.72,598667,26893344,9291,3622.49
214,60.123,598667,26893344,9291,3622.49
215,61.331,598667,26893344,9291,3622.49
216,60.369,598667,26893344,9291,3622.49
217,61.517,598667,26893344,9291,3622.49
218,61.565,598667,26893344,9291,3622.49
219,60.794,598667,26893344,9291,3622.49
220,61.066,598667,26893344,9291,3622.49
221,61.421,598667,26893344,9291,3622.49
222,63.184,598667,26893344,9291,3622.49
223,61.92,598667,26893344,9291,3622.49
224,63.396,598667,26893344,9291,3622.49
225,61.951,598667,26893344,9291,3622.49
226,62.023,598667,26893344,9291,3622.49
227,61.159,598667,26893344,9291,3622.49
228,61.793,598667,26893344,9291,3622.49
229,60.374,598667,26893344,9291,3622.49
230,61.455,598667,26893344,9291,3622.49
231,60.053,598667,26893344,9291,3622.49
232,61.915,598667,26893344,9291,3622.49
233,62.236,598667,26893344,9291,3622.49
234,61.435,598667,26893344,9291,3622.49
235,62.859,598667,26893344,9291,3622.49
236,60.933,598667,26893344,9291,3622.49
237,63.544,598667,26893344,9291,3622.49
238,61.187,598667,26893344,9291,3622.49
239,60.006,598667,26893344,9291,3622.49
240,62.534,598667,26893344,9291,3622.49
241,62.408,598667,26893344,9291,3622.49
242,61.101,598667,26893344,9291,3622.49
243,60.572,598667,26893344,9291,3622.49
244,60.825,598667,26893344,9291,3622.49
245,61.542,598667,26893344,9291,3622.49
246,61.193,598667,26893344,9291,3622.49
247,61.948,598667,26893344,9291,3622.49
248,60.57,598667,26893344,9291,3622.49
249,62.242,598667,26893344,9291,3622.49
250,63.039,598667,26893344,9291,3622.49
251,60.407,598667,26893344,9291,3622.49
252,60.46,598667,26893344,9291,3622.49
253,61.659,598667,26893344,9291,3622.49
254,62.163,598667,26893344,9291,3622.49
255,61.653,598667,26893344,9291,3622.49
256,60.885,598667,26893344,9291,3622.49
257,61.035,598667,26893344,9291,3622.49
258,62.252,598667,26893344,9291,3622.49
259,62.123,598667,26893344,9291,3622.49
260,60.285,598667,26893344,9291,3622.49
261,61.462,598667,26893344,9291,3622.49
262,62.187,598667,26893344,9291,3622.49
263,62.051,598667,26893344,9291,3622.49
264,62.09,598667,26893344,9291,3622.49
265,60.69,598667,26893344,9291,3622.49
266,62.204,598667,26893344,9291,3622.49
267,61.697,598667,26893344,9291,3622.49
268,61.764,598667,26893344,9291,3622.49
269,60.697,598667,26893344,9291,3622.49
270,62.395,598667,26893344,9291,3622.49
271,60.928,598667,26893344,9291,3622.49
272,61.022,598667,26893344,9291,3622.49
273,60.731,598667,26893344,9291,3622.49
274,61.778,598667,26893344,9291,3622.49
275,60.434,598667,26893344,9291,3622.49
276,62.107,598667,26893344,9291,3622.49
277,62.426,598667,26893344,9291,3622.49
278,61.134,598667,26893344,9291,3622.49
279,62.544,598667,26893344,9291,3622.49
280,61.379,598667,26893344,9291,3622.49
281,62.351,598667,26893344,9291,3622.49
282,61.036,598667,26893344,9291,3622.49
283,62.854,598667,26893344,9291,3622.49
284,60.458,598667,26893344,9291,3622.49
285,61.713,598667,26893344,9291,3622.49
286,61.997,598667,26893344,9291,3622.49
287,61.632,598667,26893344,9291,3622.49
288,60.884,598667,26893344,9291,3622.49
289,61.642,598667,26893344,9291,3622.49
290,62.099,598667,26893344,9291,3622.49
291,61.163,598667,26893344,9291,3622.49
292,63.42,598667,26893344,9291,3622.49
293,61.307,598667,26893344,9291,3622.49
294,61.706,598667,26893344,9291,3622.49
295,61.108,598667,26893344,9291,3622.49
296,62.202,598667,26893344,9291,3622.49
297,61.921,598667,26893344,9291,3622.49
298,61.838,598667,26893344,9291,3622.49
299,61.055,598667,26893344,9291,3622.49
300,61.593,598667,26893344,9291,3622.49
301,62.656,598667,26893344,9291,3622.49
302,63.774,598667,26893344,9291,3622.49
303,63.253,598667,26893344,9291,3622.49
304,61.443,598667,26893344,9291,3622.49
305,62.26,598667,26893344,9291,3622.49
306,63.909,598667,26893344,9291,3622.49
307,62.571,598667,26893344,9291,3622.49
308,63.061,598667,26893344,9291,3622.49
309,62.896,598667,26893344,9291,3622.49
310,63.179,598667,26893344,9291,3622.49
